id,name,salay,start_date,gender
1,Virat,100000,2023-04-05,M
2,Rohit,350000,2035-04-02,M
3,Dhoni,450000,2023-05-06,M
4,Virat,100000,2023-04-05,M
5,Rohit,350000,2035-04-02,M
6,Dhoni,450000,2023-05-06,M
7,Virat,100000,2023-04-05,M
8,Rohit,350000,2035-04-02,M
9,Dhoni,450000,2023-05-06,M
10,Virat,100000,2023-04-05,M
11,Rohit,350000,2035-04-02,M
12,Dhoni,450000,2023-05-06,M
13,Virat,100000,2023-04-05,M
14,Rohit,350000,2035-04-02,M
15,Dhoni,450000,2023-05-06,M
16,Virat,100000,2023-04-05,M
17,Rohit,350000,2035-04-02,M
18,Dhoni,450000,2023-05-06,M
19,Virat,100000,2023-04-05,M
20,Rohit,350000,2035-04-02,M
21,Dhoni,450000,2023-05-06,M
22,Virat,100000,2023-04-05,M
23,Rohit,350000,2035-04-02,M
24,Dhoni,450000,2023-05-06,M
25,Virat,100000,2023-04-05,M
26,Rohit,350000,2035-04-02,M
27,Dhoni,450000,2023-05-06,M
28,Virat,100000,2023-04-05,M
29,Rohit,350000,2035-04-02,M
30,Dhoni,450000,2023-05-06,M
31,Virat,100000,2023-04-05,M
32,Rohit,350000,2035-04-02,M
33,Dhoni,450000,2023-05-06,M
34,Virat,100000,2023-04-05,M
35,Rohit,350000,2035-04-02,M
36,Dhoni,450000,2023-05-06,M
37,Virat,100000,2023-04-05,M
38,Rohit,350000,2035-04-02,M
39,Dhoni,450000,2023-05-06,M
40,Virat,100000,2023-04-05,M
41,Rohit,350000,2035-04-02,M
42,Dhoni,450000,2023-05-06,M
43,Virat,100000,2023-04-05,M
44,Rohit,350000,2035-04-02,M
45,Dhoni,450000,2023-05-06,M
46,Virat,100000,2023-04-05,M
47,Rohit,350000,2035-04-02,M
48,Dhoni,450000,2023-05-06,M
49,Virat,100000,2023-04-05,M
50,Rohit,350000,2035-04-02,M
51,Dhoni,450000,2023-05-06,M
52,Virat,100000,2023-04-05,M
53,Rohit,350000,2035-04-02,M
54,Dhoni,450000,2023-05-06,M
55,Virat,100000,2023-04-05,M
56,Rohit,350000,2035-04-02,M
57,Dhoni,450000,2023-05-06,M
58,Virat,100000,2023-04-05,M
59,Rohit,350000,2035-04-02,M
60,Dhoni,450000,2023-05-06,M
61,Virat,100000,2023-04-05,NULL
62,Rohit,350000,2035-04-02,NULL
63,Dhoni,450000,2023-05-06,NULL
